date,deepSleepTime,shallowSleepTime,wakeTime,start,stop
2022-03-09,1229,0,0,2022-03-08 22:30:00,2022-03-09 18:59:59
2022-03-09,0,16,0,2022-03-09 05:56:00,2022-03-09 06:12:59
2022-03-09,0,0,0,2022-03-09 06:12:08,2022-03-09 06:12:14
2022-03-09,469,0,0,2022-03-08 22:22:13,2022-03-09 06:12:07
2022-03-09,0,6,0,2022-03-09 05:49:00,2022-03-09 05:55:59
2022-03-09,0,15,0,2022-03-09 05:33:00,2022-03-09 05:48:59
2022-03-09,0,5,0,2022-03-09 05:27:00,2022-03-09 05:32:59
2022-03-09,0,23,0,2022-03-09 05:03:00,2022-03-09 05:26:59
2022-03-09,0,10,0,2022-03-09 04:52:00,2022-03-09 05:02:59
2022-03-09,0,33,0,2022-03-09 04:18:00,2022-03-09 04:51:59
2022-03-09,0,5,0,2022-03-09 04:12:00,2022-03-09 04:17:59
2022-03-09,0,2,0,2022-03-09 04:09:00,2022-03-09 04:11:59
2022-03-09,0,6,0,2022-03-09 04:02:00,2022-03-09 04:08:59
2022-03-09,0,7,0,2022-03-09 03:54:00,2022-03-09 04:01:59
2022-03-09,0,12,0,2022-03-09 03:41:00,2022-03-09 03:53:59
2022-03-09,0,11,0,2022-03-09 03:29:00,2022-03-09 03:40:59
2022-03-09,0,3,0,2022-03-09 03:25:00,2022-03-09 03:28:59
2022-03-09,0,2,0,2022-03-09 03:22:00,2022-03-09 03:24:59
2022-03-09,0,9,0,2022-03-09 03:12:00,2022-03-09 03:21:59
2022-03-09,0,10,0,2022-03-09 03:01:00,2022-03-09 03:11:59
2022-03-09,0,7,0,2022-03-09 02:53:00,2022-03-09 03:00:59
2022-03-09,0,2,0,2022-03-09 02:50:00,2022-03-09 02:52:59
2022-03-09,0,12,0,2022-03-09 02:37:00,2022-03-09 02:49:59
2022-03-09,0,0,0,2022-03-09 02:36:00,2022-03-09 02:36:59
2022-03-09,0,6,0,2022-03-09 02:29:00,2022-03-09 02:35:59
2022-03-09,0,6,0,2022-03-09 02:22:00,2022-03-09 02:28:59
2022-03-09,0,5,0,2022-03-09 02:16:00,2022-03-09 02:21:59
2022-03-09,0,14,0,2022-03-09 02:01:00,2022-03-09 02:15:59
2022-03-09,0,7,0,2022-03-09 01:53:00,2022-03-09 02:00:59
2022-03-09,0,43,0,2022-03-09 01:09:00,2022-03-09 01:52:59
2022-03-09,0,17,0,2022-03-09 00:51:00,2022-03-09 01:08:59
2022-03-09,0,40,0,2022-03-09 00:10:00,2022-03-09 00:50:59
2022-03-09,0,25,0,2022-03-08 23:44:00,2022-03-09 00:09:59
2022-03-08,0,39,0,2022-03-08 23:04:00,2022-03-08 23:43:59
2022-03-08,1222,0,0,2022-03-07 22:40:00,2022-03-08 19:02:59
2022-03-08,0,32,0,2022-03-08 06:14:00,2022-03-08 06:46:59
2022-03-08,0,9,0,2022-03-08 06:04:00,2022-03-08 06:13:59
2022-03-08,494,0,0,2022-03-07 21:55:00,2022-03-08 06:09:25
2022-03-08,0,10,0,2022-03-08 05:53:00,2022-03-08 06:03:59
2022-03-08,0,7,0,2022-03-08 05:45:00,2022-03-08 05:52:59
2022-03-08,0,4,0,2022-03-08 05:40:00,2022-03-08 05:44:59
2022-03-08,0,6,0,2022-03-08 05:33:00,2022-03-08 05:39:59
2022-03-08,0,48,0,2022-03-08 04:44:00,2022-03-08 05:32:59
2022-03-08,0,32,0,2022-03-08 04:11:00,2022-03-08 04:43:59
2022-03-08,0,46,0,2022-03-08 03:24:00,2022-03-08 04:10:59
2022-03-08,0,13,0,2022-03-08 03:10:00,2022-03-08 03:23:59
2022-03-08,0,2,0,2022-03-08 03:07:00,2022-03-08 03:09:59
2022-03-08,0,7,0,2022-03-08 02:59:00,2022-03-08 03:06:59
2022-03-08,0,2,0,2022-03-08 02:56:00,2022-03-08 02:58:59
2022-03-08,0,10,0,2022-03-08 02:45:00,2022-03-08 02:55:59
2022-03-08,0,6,0,2022-03-08 02:38:00,2022-03-08 02:44:59
2022-03-08,0,13,0,2022-03-08 02:24:00,2022-03-08 02:37:59
2022-03-08,0,4,0,2022-03-08 02:19:00,2022-03-08 02:23:59
2022-03-08,0,14,0,2022-03-08 02:04:00,2022-03-08 02:18:59
2022-03-08,0,22,0,2022-03-08 01:41:00,2022-03-08 02:03:59
2022-03-08,0,23,0,2022-03-08 01:17:00,2022-03-08 01:40:59
2022-03-08,0,9,0,2022-03-08 01:07:00,2022-03-08 01:16:59
2022-03-08,0,7,0,2022-03-08 00:59:00,2022-03-08 01:06:59
2022-03-08,0,2,0,2022-03-08 00:56:00,2022-03-08 00:58:59
2022-03-08,0,0,0,2022-03-08 00:55:00,2022-03-08 00:55:59
2022-03-08,0,34,0,2022-03-08 00:20:00,2022-03-08 00:54:59
2022-03-08,0,0,2,2022-03-08 00:17:00,2022-03-08 00:19:59
2022-03-08,0,1,0,2022-03-08 00:15:00,2022-03-08 00:16:59
2022-03-08,0,4,0,2022-03-08 00:10:00,2022-03-08 00:14:59
2022-03-08,0,16,0,2022-03-07 23:53:00,2022-03-08 00:09:59
2022-03-07,0,7,0,2022-03-07 23:45:00,2022-03-07 23:52:59
2022-03-07,0,18,0,2022-03-07 23:26:00,2022-03-07 23:44:59
2022-03-07,0,8,0,2022-03-07 23:17:00,2022-03-07 23:25:59
2022-03-07,0,31,0,2022-03-07 22:45:00,2022-03-07 23:16:59
2022-03-07,0,0,16,2022-03-07 22:28:00,2022-03-07 22:44:59
2022-03-07,67,0,0,2022-03-07 21:28:00,2022-03-07 22:35:59
2022-03-07,0,4,0,2022-03-07 22:23:00,2022-03-07 22:27:59
2022-03-07,0,3,0,2022-03-07 22:19:00,2022-03-07 22:22:59
2022-03-07,0,4,0,2022-03-07 22:14:00,2022-03-07 22:18:59
2022-03-07,0,39,0,2022-03-07 21:34:00,2022-03-07 22:13:59
2022-03-07,1252,0,0,2022-03-06 22:07:00,2022-03-07 18:59:59
2022-03-07,0,1,0,2022-03-07 06:33:00,2022-03-07 06:34:59
2022-03-07,0,12,0,2022-03-07 06:20:00,2022-03-07 06:32:59
2022-03-07,0,18,0,2022-03-07 06:01:00,2022-03-07 06:19:59
2022-03-07,0,13,0,2022-03-07 05:47:00,2022-03-07 06:00:59
2022-03-07,475,0,0,2022-03-06 22:05:04,2022-03-07 06:00:12
2022-03-07,0,3,0,2022-03-07 05:43:00,2022-03-07 05:46:59
2022-03-07,0,4,0,2022-03-07 05:38:00,2022-03-07 05:42:59
2022-03-07,0,5,0,2022-03-07 05:32:00,2022-03-07 05:37:59
2022-03-07,0,11,0,2022-03-07 05:20:00,2022-03-07 05:31:59
2022-03-07,0,8,0,2022-03-07 05:11:00,2022-03-07 05:19:59
2022-03-07,0,19,0,2022-03-07 04:51:00,2022-03-07 05:10:59
2022-03-07,0,25,0,2022-03-07 04:25:00,2022-03-07 04:50:59
2022-03-07,0,26,0,2022-03-07 03:58:00,2022-03-07 04:24:59
2022-03-07,0,98,0,2022-03-07 02:18:00,2022-03-07 03:56:59
2022-03-07,0,12,0,2022-03-07 02:31:00,2022-03-07 02:43:59
2022-03-07,0,4,0,2022-03-07 02:26:00,2022-03-07 02:30:59
2022-03-07,0,7,0,2022-03-07 02:18:00,2022-03-07 02:25:59
2022-03-07,0,6,0,2022-03-07 02:10:00,2022-03-07 02:16:59
2022-03-07,0,33,0,2022-03-07 01:39:00,2022-03-07 02:12:59
2022-03-07,0,5,0,2022-03-07 01:38:00,2022-03-07 01:43:59
2022-03-07,0,6,0,2022-03-07 01:31:00,2022-03-07 01:37:59
2022-03-07,0,5,0,2022-03-07 01:25:00,2022-03-07 01:30:59
2022-03-07,0,9,0,2022-03-07 01:15:00,2022-03-07 01:24:59
2022-03-07,0,34,0,2022-03-07 00:39:00,2022-03-07 01:13:59
2022-03-07,0,25,0,2022-03-07 00:48:00,2022-03-07 01:13:59
2022-03-07,0,14,0,2022-03-07 00:32:00,2022-03-07 00:46:59
2022-03-07,0,5,0,2022-03-07 00:38:00,2022-03-07 00:43:59
2022-03-07,0,5,0,2022-03-07 00:32:00,2022-03-07 00:37:59
2022-03-07,0,2,0,2022-03-07 00:29:00,2022-03-07 00:31:59
2022-03-07,0,6,0,2022-03-07 00:22:00,2022-03-07 00:28:59
2022-03-07,0,12,0,2022-03-07 00:08:00,2022-03-07 00:20:59
2022-03-07,0,12,0,2022-03-07 00:01:00,2022-03-07 00:13:59
2022-03-07,0,4,0,2022-03-06 23:56:00,2022-03-07 00:00:59
2022-03-06,0,17,0,2022-03-06 23:38:00,2022-03-06 23:55:59
2022-03-06,0,11,0,2022-03-06 23:26:00,2022-03-06 23:37:59
2022-03-06,0,44,0,2022-03-06 22:41:00,2022-03-06 23:25:59
2022-03-06,524,0,0,2022-03-05 22:32:00,2022-03-06 07:16:59
2022-03-06,0,15,0,2022-03-06 06:03:00,2022-03-06 06:18:59
2022-03-06,30,0,0,2022-03-06 05:43:33,2022-03-06 06:13:55
2022-03-06,0,7,0,2022-03-06 05:55:00,2022-03-06 06:02:59
2022-03-06,0,19,0,2022-03-06 05:35:00,2022-03-06 05:54:59
2022-03-06,421,0,0,2022-03-05 22:41:19,2022-03-06 05:42:34
2022-03-06,0,12,0,2022-03-06 05:22:00,2022-03-06 05:34:59
2022-03-06,0,18,0,2022-03-06 05:03:00,2022-03-06 05:21:59
2022-03-06,0,6,0,2022-03-06 04:56:00,2022-03-06 05:02:59
2022-03-06,0,19,0,2022-03-06 04:36:00,2022-03-06 04:55:59
2022-03-06,0,22,0,2022-03-06 04:13:00,2022-03-06 04:35:59
2022-03-06,0,16,0,2022-03-06 03:56:00,2022-03-06 04:12:59
2022-03-06,0,0,0,2022-03-06 03:55:00,2022-03-06 03:55:59
2022-03-06,0,2,0,2022-03-06 03:52:00,2022-03-06 03:54:59
2022-03-06,0,14,0,2022-03-06 03:37:00,2022-03-06 03:51:59
2022-03-06,0,2,0,2022-03-06 03:34:00,2022-03-06 03:36:59
2022-03-06,0,4,0,2022-03-06 03:29:00,2022-03-06 03:33:59
2022-03-06,0,5,0,2022-03-06 03:23:00,2022-03-06 03:28:59
2022-03-06,0,19,0,2022-03-06 03:03:00,2022-03-06 03:22:59
2022-03-06,0,50,0,2022-03-06 02:12:00,2022-03-06 03:02:59
2022-03-06,0,10,0,2022-03-06 02:01:00,2022-03-06 02:11:59
2022-03-06,0,36,0,2022-03-06 01:24:00,2022-03-06 02:00:59
2022-03-06,0,5,0,2022-03-06 01:18:00,2022-03-06 01:23:59
2022-03-06,0,56,0,2022-03-06 00:21:00,2022-03-06 01:17:59
2022-03-06,0,3,0,2022-03-06 00:17:00,2022-03-06 00:20:59
2022-03-06,0,5,0,2022-03-06 00:11:00,2022-03-06 00:16:59
2022-03-06,0,5,0,2022-03-06 00:05:00,2022-03-06 00:10:59
2022-03-06,0,10,0,2022-03-05 23:54:00,2022-03-06 00:04:59
2022-03-05,0,7,0,2022-03-05 23:46:00,2022-03-05 23:53:59
2022-03-05,0,16,0,2022-03-05 23:29:00,2022-03-05 23:45:59
2022-03-05,0,11,0,2022-03-05 23:17:00,2022-03-05 23:28:59
2022-03-05,0,4,0,2022-03-05 23:12:00,2022-03-05 23:16:59
2022-03-05,0,5,0,2022-03-05 23:06:00,2022-03-05 23:11:59
2022-03-05,0,28,0,2022-03-05 22:37:00,2022-03-05 23:05:59
2022-03-05,1277,0,0,2022-03-04 21:42:00,2022-03-05 18:59:59
2022-03-05,0,104,0,2022-03-05 04:22:00,2022-03-05 06:06:59
2022-03-05,485,0,0,2022-03-04 21:55:00,2022-03-05 06:00:13
2022-03-05,0,87,0,2022-03-05 04:22:00,2022-03-05 05:49:59
2022-03-05,0,57,0,2022-03-05 04:22:00,2022-03-05 05:19:59
2022-03-05,0,28,0,2022-03-05 04:22:00,2022-03-05 04:50:59
2022-03-05,0,10,0,2022-03-05 04:10:00,2022-03-05 04:20:59
2022-03-05,0,4,0,2022-03-05 04:16:00,2022-03-05 04:20:59
2022-03-05,0,7,0,2022-03-05 04:02:00,2022-03-05 04:09:59
2022-03-05,0,4,0,2022-03-05 03:57:00,2022-03-05 04:01:59
2022-03-05,0,17,0,2022-03-05 03:38:00,2022-03-05 03:55:59
2022-03-05,0,1,0,2022-03-05 03:49:00,2022-03-05 03:50:59
2022-03-05,0,10,0,2022-03-05 03:38:00,2022-03-05 03:48:59
2022-03-05,0,14,0,2022-03-05 03:23:00,2022-03-05 03:37:59
2022-03-05,0,6,0,2022-03-05 03:15:00,2022-03-05 03:21:59
2022-03-05,0,7,0,2022-03-05 03:13:00,2022-03-05 03:20:59
2022-03-05,0,7,0,2022-03-05 03:05:00,2022-03-05 03:12:59
2022-03-05,0,35,0,2022-03-05 02:28:00,2022-03-05 03:03:59
2022-03-05,0,22,0,2022-03-05 02:28:00,2022-03-05 02:50:59
2022-03-05,0,9,0,2022-03-05 02:17:00,2022-03-05 02:26:59
2022-03-05,0,5,0,2022-03-05 02:15:00,2022-03-05 02:20:59
2022-03-05,0,9,0,2022-03-05 02:05:00,2022-03-05 02:14:59
2022-03-05,0,6,0,2022-03-05 01:58:00,2022-03-05 02:04:59
2022-03-05,0,5,0,2022-03-05 01:51:00,2022-03-05 01:56:59
2022-03-05,0,28,0,2022-03-05 01:21:00,2022-03-05 01:49:59
2022-03-05,0,16,0,2022-03-05 01:04:00,2022-03-05 01:20:59
2022-03-05,0,7,0,2022-03-05 00:56:00,2022-03-05 01:03:59
2022-03-05,0,7,0,2022-03-05 00:47:00,2022-03-05 00:54:59
2022-03-05,0,5,0,2022-03-05 00:45:00,2022-03-05 00:50:59
2022-03-05,0,22,0,2022-03-05 00:22:00,2022-03-05 00:44:59
2022-03-05,0,110,0,2022-03-04 22:30:00,2022-03-05 00:20:59
2022-03-05,0,110,0,2022-03-04 22:30:00,2022-03-05 00:20:59
2022-03-04,0,7,0,2022-03-04 22:22:00,2022-03-04 22:29:59
2022-03-04,0,2,0,2022-03-04 22:19:00,2022-03-04 22:21:59
2022-03-04,0,9,0,2022-03-04 22:09:00,2022-03-04 22:18:59
2022-03-04,0,12,0,2022-03-04 21:56:00,2022-03-04 22:08:59
2022-03-04,490,0,0,2022-03-03 22:13:00,2022-03-04 06:23:59
2022-03-04,0,11,0,2022-03-04 05:13:00,2022-03-04 05:24:59
2022-03-04,419,0,0,2022-03-03 22:24:25,2022-03-04 05:23:32
2022-03-04,0,7,0,2022-03-04 05:05:00,2022-03-04 05:12:59
2022-03-04,0,13,0,2022-03-04 04:51:00,2022-03-04 05:04:59
2022-03-04,0,14,0,2022-03-04 04:36:00,2022-03-04 04:50:59
2022-03-04,0,21,0,2022-03-04 04:14:00,2022-03-04 04:35:59
2022-03-04,0,8,0,2022-03-04 04:05:00,2022-03-04 04:13:59
2022-03-04,0,0,0,2022-03-04 04:04:00,2022-03-04 04:04:59
2022-03-04,0,4,0,2022-03-04 03:59:00,2022-03-04 04:03:59
2022-03-04,0,1,0,2022-03-04 03:57:00,2022-03-04 03:58:59
2022-03-04,0,7,0,2022-03-04 03:49:00,2022-03-04 03:56:59
2022-03-04,0,15,0,2022-03-04 03:33:00,2022-03-04 03:48:59
2022-03-04,0,11,0,2022-03-04 03:21:00,2022-03-04 03:32:59
2022-03-04,0,17,0,2022-03-04 03:03:00,2022-03-04 03:20:59
2022-03-04,0,4,0,2022-03-04 02:58:00,2022-03-04 03:02:59
2022-03-04,0,7,0,2022-03-04 02:50:00,2022-03-04 02:57:59
2022-03-04,0,10,0,2022-03-04 02:39:00,2022-03-04 02:49:59
2022-03-04,0,3,0,2022-03-04 02:35:00,2022-03-04 02:38:59
2022-03-04,0,14,0,2022-03-04 02:20:00,2022-03-04 02:34:59
2022-03-04,0,2,0,2022-03-04 02:17:00,2022-03-04 02:19:59
2022-03-04,0,7,0,2022-03-04 02:09:00,2022-03-04 02:16:59
2022-03-04,0,0,0,2022-03-04 02:08:00,2022-03-04 02:08:59
2022-03-04,0,6,0,2022-03-04 02:01:00,2022-03-04 02:07:59
2022-03-04,0,53,0,2022-03-04 01:07:00,2022-03-04 02:00:59
2022-03-04,0,9,0,2022-03-04 00:57:00,2022-03-04 01:06:59
2022-03-04,0,8,0,2022-03-04 00:48:00,2022-03-04 00:56:59
2022-03-04,0,4,0,2022-03-04 00:43:00,2022-03-04 00:47:59
2022-03-04,0,15,0,2022-03-04 00:27:00,2022-03-04 00:42:59
2022-03-04,0,6,0,2022-03-04 00:20:00,2022-03-04 00:26:59
2022-03-04,0,0,0,2022-03-04 00:19:00,2022-03-04 00:19:59
2022-03-04,0,10,0,2022-03-04 00:08:00,2022-03-04 00:18:59
2022-03-04,0,2,0,2022-03-04 00:05:00,2022-03-04 00:07:59
2022-03-04,0,3,0,2022-03-04 00:01:00,2022-03-04 00:04:59
2022-03-04,0,2,0,2022-03-03 23:58:00,2022-03-04 00:00:59
2022-03-03,0,3,0,2022-03-03 23:54:00,2022-03-03 23:57:59
2022-03-03,0,2,0,2022-03-03 23:51:00,2022-03-03 23:53:59
2022-03-03,0,15,0,2022-03-03 23:35:00,2022-03-03 23:50:59
2022-03-03,0,52,0,2022-03-03 22:42:00,2022-03-03 23:34:59
2022-03-03,528,0,0,2022-03-02 22:10:00,2022-03-03 06:58:59
2022-03-03,0,34,0,2022-03-03 05:25:00,2022-03-03 05:59:59
2022-03-03,460,0,0,2022-03-02 22:17:59,2022-03-03 05:57:59
2022-03-03,274,0,0,2022-03-03 01:21:11,2022-03-03 05:56:08
2022-03-03,0,9,0,2022-03-03 05:41:59,2022-03-03 05:50:59
2022-03-03,0,30,0,2022-03-03 05:09:29,2022-03-03 05:39:59
2022-03-03,0,13,0,2022-03-03 05:11:00,2022-03-03 05:24:59
2022-03-03,0,5,0,2022-03-03 05:05:00,2022-03-03 05:10:59
2022-03-03,0,10,0,2022-03-03 04:58:29,2022-03-03 05:08:59
2022-03-03,0,15,0,2022-03-03 04:49:00,2022-03-03 05:04:59
2022-03-03,0,11,0,2022-03-03 04:45:59,2022-03-03 04:56:59
2022-03-03,0,17,0,2022-03-03 04:31:00,2022-03-03 04:48:59
2022-03-03,0,33,0,2022-03-03 04:11:29,2022-03-03 04:44:59
2022-03-03,0,4,0,2022-03-03 04:26:00,2022-03-03 04:30:59
2022-03-03,0,24,0,2022-03-03 04:01:00,2022-03-03 04:25:59
2022-03-03,0,78,0,2022-03-03 02:52:29,2022-03-03 04:10:29
2022-03-03,0,1,0,2022-03-03 03:59:00,2022-03-03 04:00:59
2022-03-03,0,2,0,2022-03-03 03:56:00,2022-03-03 03:58:59
2022-03-03,0,6,0,2022-03-03 03:49:00,2022-03-03 03:55:59
2022-03-03,0,8,0,2022-03-03 03:40:00,2022-03-03 03:48:59
2022-03-03,0,6,0,2022-03-03 03:33:00,2022-03-03 03:39:59
2022-03-03,0,24,0,2022-03-03 03:08:00,2022-03-03 03:32:59
2022-03-03,0,5,0,2022-03-03 03:02:00,2022-03-03 03:07:59
2022-03-03,0,14,0,2022-03-03 02:47:00,2022-03-03 03:01:59
2022-03-03,0,88,0,2022-03-03 01:22:29,2022-03-03 02:50:29
2022-03-03,0,10,0,2022-03-03 02:36:00,2022-03-03 02:46:59
2022-03-03,0,7,0,2022-03-03 02:28:00,2022-03-03 02:35:59
2022-03-03,0,17,0,2022-03-03 02:10:00,2022-03-03 02:27:59
2022-03-03,0,24,0,2022-03-03 01:45:00,2022-03-03 02:09:59
2022-03-03,0,6,0,2022-03-03 01:38:00,2022-03-03 01:44:59
2022-03-03,0,2,0,2022-03-03 01:35:00,2022-03-03 01:37:59
2022-03-03,0,10,0,2022-03-03 01:24:00,2022-03-03 01:34:59
2022-03-03,0,48,0,2022-03-03 00:35:00,2022-03-03 01:23:59
2022-03-03,171,0,0,2022-03-02 22:29:00,2022-03-03 01:20:51
2022-03-03,0,2,0,2022-03-03 01:17:59,2022-03-03 01:19:59
2022-03-03,0,0,0,2022-03-03 01:16:59,2022-03-03 01:17:29
2022-03-03,0,5,0,2022-03-03 01:10:29,2022-03-03 01:15:29
2022-03-03,0,77,0,2022-03-02 23:51:59,2022-03-03 01:08:59
2022-03-03,0,7,0,2022-03-03 00:27:00,2022-03-03 00:34:59
2022-03-03,0,25,0,2022-03-03 00:01:00,2022-03-03 00:26:59
2022-03-03,0,4,0,2022-03-02 23:56:00,2022-03-03 00:00:59
2022-03-02,0,91,0,2022-03-02 22:24:00,2022-03-02 23:55:59
2022-03-02,0,37,0,2022-03-02 23:13:29,2022-03-02 23:50:59
2022-03-02,0,42,0,2022-03-02 22:29:59,2022-03-02 23:12:29
2022-03-02,0,1,0,2022-03-02 22:20:59,2022-03-02 22:22:29
2022-03-02,0,0,0,2022-03-02 22:19:29,2022-03-02 22:19:59
2022-03-02,602,0,0,2022-03-01 21:54:00,2022-03-02 07:56:59
2022-03-02,509,0,0,2022-03-01 21:54:03,2022-03-02 06:23:03
2022-03-02,0,5,0,2022-03-02 06:02:00,2022-03-02 06:07:59
2022-03-02,462,0,0,2022-03-01 22:20:22,2022-03-02 06:02:59
2022-03-02,0,6,0,2022-03-02 05:55:00,2022-03-02 06:01:59
2022-03-02,0,2,0,2022-03-02 05:56:33,2022-03-02 05:59:03
2022-03-02,0,47,0,2022-03-02 05:08:03,2022-03-02 05:55:33
2022-03-02,0,19,0,2022-03-02 05:35:00,2022-03-02 05:54:59
2022-03-02,0,4,0,2022-03-02 05:30:00,2022-03-02 05:34:59
2022-03-02,0,0,0,2022-03-02 05:29:00,2022-03-02 05:29:59
2022-03-02,0,12,0,2022-03-02 05:16:00,2022-03-02 05:28:59
2022-03-02,0,1,0,2022-03-02 05:14:00,2022-03-02 05:15:59
2022-03-02,0,9,0,2022-03-02 05:04:00,2022-03-02 05:13:59
2022-03-02,0,1,0,2022-03-02 05:06:03,2022-03-02 05:07:33
2022-03-02,0,0,0,2022-03-02 05:03:00,2022-03-02 05:03:59
2022-03-02,0,81,0,2022-03-02 03:42:33,2022-03-02 05:03:33
2022-03-02,0,10,0,2022-03-02 04:52:00,2022-03-02 05:02:59
2022-03-02,0,3,0,2022-03-02 04:48:00,2022-03-02 04:51:59
2022-03-02,0,11,0,2022-03-02 04:36:00,2022-03-02 04:47:59
2022-03-02,0,7,0,2022-03-02 04:28:00,2022-03-02 04:35:59
2022-03-02,0,11,0,2022-03-02 04:16:00,2022-03-02 04:27:59
2022-03-02,0,9,0,2022-03-02 04:06:00,2022-03-02 04:15:59
2022-03-02,0,5,0,2022-03-02 04:00:00,2022-03-02 04:05:59
2022-03-02,0,12,0,2022-03-02 03:47:00,2022-03-02 03:59:59
2022-03-02,0,4,0,2022-03-02 03:42:00,2022-03-02 03:46:59
2022-03-02,0,9,0,2022-03-02 03:32:00,2022-03-02 03:41:59
2022-03-02,0,15,0,2022-03-02 03:25:03,2022-03-02 03:40:03
2022-03-02,0,4,0,2022-03-02 03:27:00,2022-03-02 03:31:59
2022-03-02,0,0,0,2022-03-02 03:26:00,2022-03-02 03:26:59
2022-03-02,0,8,0,2022-03-02 03:17:00,2022-03-02 03:25:59
2022-03-02,0,5,0,2022-03-02 03:17:33,2022-03-02 03:23:03
2022-03-02,0,3,0,2022-03-02 03:13:00,2022-03-02 03:16:59
2022-03-02,0,19,0,2022-03-02 02:56:03,2022-03-02 03:15:33
2022-03-02,0,8,0,2022-03-02 03:04:00,2022-03-02 03:12:59
2022-03-02,0,11,0,2022-03-02 02:52:00,2022-03-02 03:03:59
2022-03-02,0,2,0,2022-03-02 02:53:03,2022-03-02 02:55:03
2022-03-02,0,56,0,2022-03-02 01:55:33,2022-03-02 02:52:03
2022-03-02,0,64,0,2022-03-02 01:47:00,2022-03-02 02:51:59
2022-03-02,0,92,0,2022-03-02 00:22:33,2022-03-02 01:54:33
2022-03-02,0,3,0,2022-03-02 01:43:00,2022-03-02 01:46:59
2022-03-02,0,9,0,2022-03-02 01:33:00,2022-03-02 01:42:59
2022-03-02,0,12,0,2022-03-02 01:20:00,2022-03-02 01:32:59
2022-03-02,0,3,0,2022-03-02 01:16:00,2022-03-02 01:19:59
2022-03-02,0,2,0,2022-03-02 01:13:00,2022-03-02 01:15:59
2022-03-02,0,7,0,2022-03-02 01:05:00,2022-03-02 01:12:59
2022-03-02,0,9,0,2022-03-02 00:55:00,2022-03-02 01:04:59
2022-03-02,0,9,0,2022-03-02 00:45:00,2022-03-02 00:54:59
2022-03-02,0,3,0,2022-03-02 00:41:00,2022-03-02 00:44:59
2022-03-02,0,9,0,2022-03-02 00:31:00,2022-03-02 00:40:59
2022-03-02,0,126,0,2022-03-01 22:24:00,2022-03-02 00:30:59
2022-03-02,0,1,0,2022-03-02 00:20:33,2022-03-02 00:21:33
2022-03-02,0,96,0,2022-03-01 22:41:33,2022-03-02 00:17:33
2022-03-01,0,16,0,2022-03-01 22:25:03,2022-03-01 22:41:03
2022-03-01,0,1,0,2022-03-01 22:23:03,2022-03-01 22:24:03
2022-03-01,0,0,3,2022-03-01 22:20:00,2022-03-01 22:23:59
2022-03-01,0,17,0,2022-03-01 22:02:00,2022-03-01 22:19:59
2022-03-01,0,16,0,2022-03-01 22:00:33,2022-03-01 22:16:33
2022-03-01,0,0,0,2022-03-01 21:59:03,2022-03-01 21:59:33
2022-03-01,506,0,0,2022-02-28 22:38:00,2022-03-01 07:04:59
2022-03-01,456,0,0,2022-02-28 22:38:37,2022-03-01 06:14:37
2022-03-01,0,7,0,2022-03-01 05:58:00,2022-03-01 06:05:59
2022-03-01,0,6,0,2022-03-01 05:51:00,2022-03-01 05:57:59
2022-03-01,0,18,0,2022-03-01 05:32:00,2022-03-01 05:50:59
2022-03-01,0,11,0,2022-03-01 05:39:07,2022-03-01 05:50:37
2022-03-01,0,1,0,2022-03-01 05:35:07,2022-03-01 05:36:07
2022-03-01,0,1,0,2022-03-01 05:32:37,2022-03-01 05:34:07
2022-03-01,0,0,4,2022-03-01 05:27:00,2022-03-01 05:31:59
,0,0,,2022-02-25 19:50:00,2022-02-25 19:50:59
2022-03-01,0,1,0,2022-03-01 05:30:37,2022-03-01 05:31:37
,0,0,,2022-02-25 19:49:00,2022-02-25 19:49:59
2022-03-01,410,0,0,2022-02-28 22:37:04,2022-03-01 05:27:37
,0,0,,2022-02-25 19:48:00,2022-02-25 19:48:59
2022-03-01,0,77,0,2022-03-01 04:10:07,2022-03-01 05:27:07
,0,0,,2022-02-25 19:47:00,2022-02-25 19:47:59
2022-03-01,0,10,0,2022-03-01 05:16:00,2022-03-01 05:26:59
,0,0,,2022-02-25 19:46:00,2022-02-25 19:46:59
2022-03-01,0,61,0,2022-03-01 04:14:00,2022-03-01 05:15:59
,0,0,,2022-02-25 19:45:00,2022-02-25 19:45:59
2022-03-01,0,9,0,2022-03-01 04:04:00,2022-03-01 04:13:59
,0,0,,2022-02-25 19:44:00,2022-02-25 19:44:59
2022-03-01,0,7,0,2022-03-01 04:02:37,2022-03-01 04:09:37
,0,0,,2022-02-25 19:43:00,2022-02-25 19:43:59
2022-03-01,0,4,0,2022-03-01 03:59:00,2022-03-01 04:03:59
,0,0,,2022-02-25 19:42:00,2022-02-25 19:42:59
2022-03-01,0,2,0,2022-03-01 03:58:37,2022-03-01 04:01:07
,0,0,,2022-02-25 19:41:00,2022-02-25 19:41:59
2022-03-01,0,8,0,2022-03-01 03:50:00,2022-03-01 03:58:59
,0,0,,2022-02-25 19:40:00,2022-02-25 19:40:59
2022-03-01,0,6,0,2022-03-01 03:49:37,2022-03-01 03:56:07
,0,0,,2022-02-25 19:39:00,2022-02-25 19:39:59
2022-03-01,0,68,0,2022-03-01 02:41:00,2022-03-01 03:49:59
,0,0,,2022-02-25 19:38:00,2022-02-25 19:38:59
2022-03-01,0,23,0,2022-03-01 03:25:37,2022-03-01 03:49:07
,0,0,,2022-02-25 19:37:00,2022-02-25 19:37:59
2022-03-01,0,20,0,2022-03-01 03:05:07,2022-03-01 03:25:07
,0,0,,2022-02-25 19:36:00,2022-02-25 19:36:59
2022-03-01,0,112,0,2022-03-01 01:11:37,2022-03-01 03:04:07
,0,0,,2022-02-25 19:35:00,2022-02-25 19:35:59
2022-03-01,0,4,0,2022-03-01 02:36:00,2022-03-01 02:40:59
,0,0,,2022-02-25 19:34:00,2022-02-25 19:34:59
2022-03-01,0,23,0,2022-03-01 02:12:00,2022-03-01 02:35:59
,0,0,,2022-02-25 19:33:00,2022-02-25 19:33:59
2022-03-01,0,9,0,2022-03-01 02:02:00,2022-03-01 02:11:59
,0,0,,2022-02-25 19:32:00,2022-02-25 19:32:59
2022-03-01,0,35,0,2022-03-01 01:26:00,2022-03-01 02:01:59
,0,0,,2022-02-25 19:31:00,2022-02-25 19:31:59
,0,0,,2022-02-25 19:30:00,2022-02-25 19:30:59
2022-03-01,0,8,0,2022-03-01 01:17:00,2022-03-01 01:25:59
,0,0,,2022-02-25 19:29:00,2022-02-25 19:29:59
2022-03-01,0,4,0,2022-03-01 01:12:00,2022-03-01 01:16:59
,0,0,,2022-02-25 19:28:00,2022-02-25 19:28:59
2022-03-01,0,4,0,2022-03-01 01:07:00,2022-03-01 01:11:59
,0,0,,2022-02-25 19:27:00,2022-02-25 19:27:59
2022-03-01,0,54,0,2022-03-01 00:16:07,2022-03-01 01:10:37
,0,0,,2022-02-25 19:26:00,2022-02-25 19:26:59
2022-03-01,0,4,0,2022-03-01 01:02:00,2022-03-01 01:06:59
,0,0,,2022-02-25 19:25:00,2022-02-25 19:25:59
2022-03-01,0,2,0,2022-03-01 00:59:00,2022-03-01 01:01:59
,0,0,,2022-02-25 19:24:00,2022-02-25 19:24:59
2022-03-01,0,2,0,2022-03-01 00:56:00,2022-03-01 00:58:59
,0,0,,2022-02-25 19:23:00,2022-02-25 19:23:59
2022-03-01,0,1,0,2022-03-01 00:54:00,2022-03-01 00:55:59
,0,0,,2022-02-25 19:22:00,2022-02-25 19:22:59
2022-03-01,0,15,0,2022-03-01 00:38:00,2022-03-01 00:53:59
,0,0,,2022-02-25 19:21:00,2022-02-25 19:21:59
2022-03-01,0,12,0,2022-03-01 00:25:00,2022-03-01 00:37:59
,0,0,,2022-02-25 19:20:00,2022-02-25 19:20:59
2022-03-01,0,9,0,2022-03-01 00:15:00,2022-03-01 00:24:59
,0,0,,2022-02-25 19:19:00,2022-02-25 19:19:59
2022-03-01,0,24,0,2022-02-28 23:51:37,2022-03-01 00:15:37
,0,0,,2022-02-25 19:18:00,2022-02-25 19:18:59
2022-03-01,0,20,0,2022-02-28 23:54:00,2022-03-01 00:14:59
,0,0,,2022-02-25 19:17:00,2022-02-25 19:17:59
2022-02-28,0,30,0,2022-02-28 23:23:00,2022-02-28 23:53:59
,0,0,,2022-02-25 19:16:00,2022-02-25 19:16:59
2022-02-28,0,63,0,2022-02-28 22:47:37,2022-02-28 23:51:07
,0,0,,2022-02-25 19:15:00,2022-02-25 19:15:59
2022-02-28,0,19,0,2022-02-28 23:03:00,2022-02-28 23:22:59
,0,0,,2022-02-25 19:14:00,2022-02-25 19:14:59
2022-02-28,0,14,0,2022-02-28 22:48:00,2022-02-28 23:02:59
,0,0,,2022-02-25 19:13:00,2022-02-25 19:13:59
2022-02-28,0,0,0,2022-02-28 22:46:07,2022-02-28 22:46:37
,0,0,,2022-02-25 19:12:00,2022-02-25 19:12:59
2022-02-28,581,0,0,2022-02-27 21:32:00,2022-02-28 07:13:59
,0,0,,2022-02-25 19:11:00,2022-02-25 19:11:59
2022-02-28,0,12,0,2022-02-28 05:58:00,2022-02-28 06:10:59
,0,0,,2022-02-25 19:10:00,2022-02-25 19:10:59
2022-02-28,457,0,0,2022-02-27 22:29:14,2022-02-28 06:06:52
,0,0,,2022-02-25 19:09:00,2022-02-25 19:09:59
2022-02-28,0,4,0,2022-02-28 05:53:00,2022-02-28 05:57:59
,0,0,,2022-02-25 19:08:00,2022-02-25 19:08:59
2022-02-28,0,37,0,2022-02-28 05:15:00,2022-02-28 05:52:59
,0,0,,2022-02-25 19:07:00,2022-02-25 19:07:59
2022-02-28,0,7,0,2022-02-28 05:07:00,2022-02-28 05:14:59
,0,0,,2022-02-25 19:06:00,2022-02-25 19:06:59
,0,0,,2022-02-25 19:05:00,2022-02-25 19:05:59
2022-02-28,0,16,0,2022-02-28 04:50:00,2022-02-28 05:06:59
,0,0,,2022-02-25 19:04:00,2022-02-25 19:04:59
2022-02-28,0,8,0,2022-02-28 04:41:00,2022-02-28 04:49:59
,0,0,,2022-02-25 19:03:00,2022-02-25 19:03:59
2022-02-28,0,12,0,2022-02-28 04:28:00,2022-02-28 04:40:59
,0,0,,2022-02-25 19:02:00,2022-02-25 19:02:59
2022-02-28,0,5,0,2022-02-28 04:22:00,2022-02-28 04:27:59
,0,0,,2022-02-25 19:01:00,2022-02-25 19:01:59
2022-02-28,0,1,0,2022-02-28 04:20:00,2022-02-28 04:21:59
,0,0,,2022-02-25 19:00:00,2022-02-25 19:00:59
2022-02-28,0,20,0,2022-02-28 03:59:00,2022-02-28 04:19:59
,0,0,,2022-02-25 18:59:00,2022-02-25 18:59:59
2022-02-28,0,0,0,2022-02-28 03:58:00,2022-02-28 03:58:59
,0,0,,2022-02-25 18:58:00,2022-02-25 18:58:59
2022-02-28,0,5,0,2022-02-28 03:52:00,2022-02-28 03:57:59
,0,0,,2022-02-25 18:57:00,2022-02-25 18:57:59
2022-02-28,0,0,0,2022-02-28 03:51:00,2022-02-28 03:51:59
,0,0,,2022-02-25 18:56:00,2022-02-25 18:56:59
2022-02-28,0,5,0,2022-02-28 03:45:00,2022-02-28 03:50:59
,0,0,,2022-02-25 18:55:00,2022-02-25 18:55:59
2022-02-28,0,17,0,2022-02-28 03:27:00,2022-02-28 03:44:59
,0,0,,2022-02-25 18:54:00,2022-02-25 18:54:59
2022-02-28,0,5,0,2022-02-28 03:21:00,2022-02-28 03:26:59
,0,0,,2022-02-25 18:53:00,2022-02-25 18:53:59
2022-02-28,0,3,0,2022-02-28 03:17:00,2022-02-28 03:20:59
,0,0,,2022-02-25 18:52:00,2022-02-25 18:52:59
2022-02-28,0,7,0,2022-02-28 03:09:00,2022-02-28 03:16:59
,0,0,,2022-02-25 18:51:00,2022-02-25 18:51:59
2022-02-28,0,31,0,2022-02-28 02:37:00,2022-02-28 03:08:59
,0,0,,2022-02-25 18:50:00,2022-02-25 18:50:59
2022-02-28,0,9,0,2022-02-28 02:27:00,2022-02-28 02:36:59
,0,0,,2022-02-25 18:49:00,2022-02-25 18:49:59
,0,0,,2022-02-25 18:48:00,2022-02-25 18:48:59
2022-02-28,0,2,0,2022-02-28 02:24:00,2022-02-28 02:26:59
,0,0,,2022-02-25 18:47:00,2022-02-25 18:47:59
2022-02-28,0,6,0,2022-02-28 02:17:00,2022-02-28 02:23:59
,0,0,,2022-02-25 18:46:00,2022-02-25 18:46:59
2022-02-28,0,2,0,2022-02-28 02:14:00,2022-02-28 02:16:59
,0,0,,2022-02-25 18:45:00,2022-02-25 18:45:59
2022-02-28,0,17,0,2022-02-28 01:56:00,2022-02-28 02:13:59
,0,0,,2022-02-25 18:44:00,2022-02-25 18:44:59
2022-02-28,0,5,0,2022-02-28 01:50:00,2022-02-28 01:55:59
,0,0,,2022-02-25 18:43:00,2022-02-25 18:43:59
2022-02-28,0,9,0,2022-02-28 01:40:00,2022-02-28 01:49:59
,0,0,,2022-02-25 18:42:00,2022-02-25 18:42:59
2022-02-28,0,27,0,2022-02-28 01:12:00,2022-02-28 01:39:59
,0,0,,2022-02-25 18:41:00,2022-02-25 18:41:59
2022-02-28,0,4,0,2022-02-28 01:07:00,2022-02-28 01:11:59
,0,0,,2022-02-25 18:40:00,2022-02-25 18:40:59
2022-02-28,0,2,0,2022-02-28 01:04:00,2022-02-28 01:06:59
,0,0,,2022-02-25 18:39:00,2022-02-25 18:39:59
2022-02-28,0,5,0,2022-02-28 00:58:00,2022-02-28 01:03:59
,0,0,,2022-02-25 18:38:00,2022-02-25 18:38:59
2022-02-28,0,2,0,2022-02-28 00:55:00,2022-02-28 00:57:59
,0,0,,2022-02-25 18:37:00,2022-02-25 18:37:59
2022-02-28,0,28,0,2022-02-28 00:26:00,2022-02-28 00:54:59
,0,0,,2022-02-25 18:36:00,2022-02-25 18:36:59
2022-02-28,0,3,0,2022-02-28 00:22:00,2022-02-28 00:25:59
,0,0,,2022-02-25 18:35:00,2022-02-25 18:35:59
2022-02-28,0,24,0,2022-02-27 23:57:00,2022-02-28 00:21:59
,0,0,,2022-02-25 18:34:00,2022-02-25 18:34:59
2022-02-27,0,27,0,2022-02-27 23:29:00,2022-02-27 23:56:59
,0,0,,2022-02-25 18:33:00,2022-02-25 18:33:59
2022-02-27,0,8,0,2022-02-27 23:20:00,2022-02-27 23:28:59
,0,0,,2022-02-25 18:32:00,2022-02-25 18:32:59
2022-02-27,0,48,0,2022-02-27 22:31:00,2022-02-27 23:19:59
,0,0,,2022-02-25 18:31:00,2022-02-25 18:31:59
2022-02-27,0,7,0,2022-02-27 22:23:00,2022-02-27 22:30:59
,0,0,,2022-02-25 18:30:00,2022-02-25 18:30:59
2022-02-27,0,23,0,2022-02-27 21:59:00,2022-02-27 22:22:59
,0,0,,2022-02-25 18:29:00,2022-02-25 18:29:59
,0,0,,2022-02-25 18:28:00,2022-02-25 18:28:59
2022-02-27,1260,0,0,2022-02-26 21:59:00,2022-02-27 18:59:59
,0,0,,2022-02-25 18:27:00,2022-02-25 18:27:59
2022-02-27,469,0,0,2022-02-26 22:06:43,2022-02-27 05:56:03
,0,0,,2022-02-25 18:26:00,2022-02-25 18:26:59
2022-02-27,0,17,0,2022-02-27 00:19:00,2022-02-27 00:36:59
,0,0,,2022-02-25 18:25:00,2022-02-25 18:25:59
2022-02-27,0,12,0,2022-02-27 00:19:00,2022-02-27 00:31:59
,0,0,,2022-02-25 18:24:00,2022-02-25 18:24:59
2022-02-27,0,4,0,2022-02-27 00:14:00,2022-02-27 00:18:59
,0,0,,2022-02-25 18:22:00,2022-02-25 18:22:59
2022-02-27,0,2,0,2022-02-27 00:11:00,2022-02-27 00:13:59
,0,0,,2022-02-25 18:19:00,2022-02-25 18:19:59
2022-02-27,0,3,0,2022-02-27 00:07:00,2022-02-27 00:10:59
,0,0,,2022-02-25 18:18:00,2022-02-25 18:18:59
2022-02-27,0,2,0,2022-02-27 00:04:00,2022-02-27 00:06:59
,0,0,,2022-02-25 18:16:00,2022-02-25 18:16:59
2022-02-27,0,1,0,2022-02-27 00:01:00,2022-02-27 00:02:59
,0,0,,2022-02-25 18:15:00,2022-02-25 18:15:59
2022-02-27,0,9,0,2022-02-26 23:52:00,2022-02-27 00:01:59
,0,0,,2022-02-25 18:14:00,2022-02-25 18:14:59
2022-02-26,0,16,0,2022-02-26 23:35:00,2022-02-26 23:51:59
,0,0,,2022-02-25 18:13:00,2022-02-25 18:13:59
2022-02-26,0,38,0,2022-02-26 22:56:00,2022-02-26 23:34:59
,0,0,,2022-02-25 18:12:00,2022-02-25 18:12:59
2022-02-26,0,10,0,2022-02-26 22:45:00,2022-02-26 22:55:59
,0,0,,2022-02-25 18:10:00,2022-02-25 18:10:59
2022-02-26,0,21,0,2022-02-26 22:23:00,2022-02-26 22:44:59
,0,0,,2022-02-25 18:09:00,2022-02-25 18:09:59
2022-02-26,1281,0,0,2022-02-25 21:40:00,2022-02-26 19:01:59
,0,0,,2022-02-25 18:08:00,2022-02-25 18:08:59
2022-02-26,0,5,0,2022-02-26 06:09:00,2022-02-26 06:14:59
,0,0,,2022-02-25 18:07:00,2022-02-25 18:07:59
2022-02-26,0,4,0,2022-02-26 06:04:00,2022-02-26 06:08:59
,0,0,,2022-02-25 18:04:00,2022-02-25 18:04:59
2022-02-26,0,15,0,2022-02-26 05:48:00,2022-02-26 06:03:59
,0,0,,2022-02-25 18:03:00,2022-02-25 18:03:59
2022-02-26,485,0,0,2022-02-25 21:55:00,2022-02-26 06:00:37
,0,0,,2022-02-25 18:02:00,2022-02-25 18:02:59
2022-02-26,0,7,0,2022-02-26 05:40:00,2022-02-26 05:47:59
,0,0,,2022-02-25 18:01:00,2022-02-25 18:01:59
2022-02-26,0,29,0,2022-02-26 05:09:00,2022-02-26 05:38:59
,0,0,,2022-02-25 18:00:00,2022-02-25 18:00:59
,0,0,,2022-02-25 17:59:00,2022-02-25 17:59:59
2022-02-26,0,16,0,2022-02-26 05:09:00,2022-02-26 05:25:59
,0,0,,2022-02-25 17:58:00,2022-02-25 17:58:59
2022-02-26,0,14,0,2022-02-26 04:54:00,2022-02-26 05:08:59
,0,0,,2022-02-25 17:57:00,2022-02-25 17:57:59
2022-02-26,0,9,0,2022-02-26 04:44:00,2022-02-26 04:53:59
,0,0,,2022-02-25 17:56:00,2022-02-25 17:56:59
2022-02-26,0,20,0,2022-02-26 04:23:00,2022-02-26 04:43:59
,0,0,,2022-02-25 17:55:00,2022-02-25 17:55:59
2022-02-26,0,15,0,2022-02-26 04:07:00,2022-02-26 04:22:59
,0,0,,2022-02-25 17:53:00,2022-02-25 17:53:59
2022-02-26,0,26,0,2022-02-26 03:40:00,2022-02-26 04:06:59
,0,0,,2022-02-25 17:52:00,2022-02-25 17:52:59
2022-02-26,0,61,0,2022-02-26 02:38:00,2022-02-26 03:39:59
,0,0,,2022-02-25 17:51:00,2022-02-25 17:51:59
2022-02-26,0,13,0,2022-02-26 02:24:00,2022-02-26 02:37:59
,0,0,,2022-02-25 17:50:00,2022-02-25 17:50:59
2022-02-26,0,9,0,2022-02-26 02:14:00,2022-02-26 02:23:59
,0,0,,2022-02-25 17:49:00,2022-02-25 17:49:59
2022-02-26,0,32,0,2022-02-26 01:41:00,2022-02-26 02:13:59
,0,0,,2022-02-25 17:48:00,2022-02-25 17:48:59
2022-02-26,0,3,0,2022-02-26 01:37:00,2022-02-26 01:40:59
,0,0,,2022-02-25 17:47:00,2022-02-25 17:47:59
2022-02-26,0,5,0,2022-02-26 01:31:00,2022-02-26 01:36:59
,0,0,,2022-02-25 17:46:00,2022-02-25 17:46:59
2022-02-26,0,19,0,2022-02-26 01:11:00,2022-02-26 01:30:59
,0,0,,2022-02-25 17:45:00,2022-02-25 17:45:59
2022-02-26,0,7,0,2022-02-26 01:03:00,2022-02-26 01:10:59
,0,0,,2022-02-25 17:44:00,2022-02-25 17:44:59
2022-02-26,0,29,0,2022-02-26 00:33:00,2022-02-26 01:02:59
,0,0,,2022-02-25 17:43:00,2022-02-25 17:43:59
2022-02-26,0,8,0,2022-02-26 00:24:00,2022-02-26 00:32:59
,0,0,,2022-02-25 17:42:00,2022-02-25 17:42:59
2022-02-26,0,11,0,2022-02-26 00:12:00,2022-02-26 00:23:59
,0,0,,2022-02-25 17:41:00,2022-02-25 17:41:59
2022-02-26,0,7,0,2022-02-26 00:04:00,2022-02-26 00:11:59
,0,0,,2022-02-25 17:40:00,2022-02-25 17:40:59
2022-02-26,0,10,0,2022-02-25 23:53:00,2022-02-26 00:03:59
,0,0,,2022-02-25 17:39:00,2022-02-25 17:39:59
2022-02-25,0,14,0,2022-02-25 23:38:00,2022-02-25 23:52:59
,0,0,,2022-02-25 17:38:00,2022-02-25 17:38:59
2022-02-25,0,5,0,2022-02-25 23:32:00,2022-02-25 23:37:59
,0,0,,2022-02-25 17:37:00,2022-02-25 17:37:59
2022-02-25,0,5,0,2022-02-25 23:26:00,2022-02-25 23:31:59
,0,0,,2022-02-25 17:36:00,2022-02-25 17:36:59
2022-02-25,0,7,0,2022-02-25 23:18:00,2022-02-25 23:25:59
,0,0,,2022-02-25 17:35:00,2022-02-25 17:35:59
2022-02-25,0,4,0,2022-02-25 23:13:00,2022-02-25 23:17:59
,0,0,,2022-02-25 17:34:00,2022-02-25 17:34:59
2022-02-25,0,53,0,2022-02-25 22:19:00,2022-02-25 23:12:59
,0,0,,2022-02-25 17:33:00,2022-02-25 17:33:59
2022-02-25,1212,0,0,2022-02-24 22:49:00,2022-02-25 19:01:59
,0,0,,2022-02-25 17:32:00,2022-02-25 17:32:59
2022-02-25,480,0,0,2022-02-24 21:55:00,2022-02-25 05:55:53
,0,0,,2022-02-25 17:31:00,2022-02-25 17:31:59
2022-02-25,0,24,0,2022-02-25 05:30:00,2022-02-25 05:54:59
,0,0,,2022-02-25 17:30:00,2022-02-25 17:30:59
2022-02-25,0,14,0,2022-02-25 05:30:00,2022-02-25 05:44:59
,0,0,,2022-02-25 17:29:00,2022-02-25 17:29:59
2022-02-25,0,5,0,2022-02-25 05:24:00,2022-02-25 05:29:59
,0,0,,2022-02-25 17:28:00,2022-02-25 17:28:59
2022-02-25,0,44,0,2022-02-25 04:38:00,2022-02-25 05:22:59
,0,0,,2022-02-25 17:27:00,2022-02-25 17:27:59
2022-02-25,0,20,0,2022-02-25 04:38:00,2022-02-25 04:58:59
,0,0,,2022-02-25 17:26:00,2022-02-25 17:26:59
2022-02-25,0,6,0,2022-02-25 04:38:00,2022-02-25 04:44:59
,0,0,,2022-02-25 17:25:00,2022-02-25 17:25:59
2022-02-25,0,5,0,2022-02-25 04:32:00,2022-02-25 04:37:59
,0,0,,2022-02-25 17:24:00,2022-02-25 17:24:59
2022-02-25,0,70,0,2022-02-25 03:20:00,2022-02-25 04:30:59
,0,0,,2022-02-25 17:23:00,2022-02-25 17:23:59
2022-02-25,0,53,0,2022-02-25 03:20:00,2022-02-25 04:13:59
,0,0,,2022-02-25 17:22:00,2022-02-25 17:22:59
2022-02-25,0,30,0,2022-02-25 03:13:00,2022-02-25 03:43:59
,0,0,,2022-02-25 17:21:00,2022-02-25 17:21:59
2022-02-25,0,22,0,2022-02-25 02:52:00,2022-02-25 03:14:59
,0,0,,2022-02-25 17:20:00,2022-02-25 17:20:59
2022-02-25,0,8,0,2022-02-25 02:42:00,2022-02-25 02:50:59
,0,0,,2022-02-25 17:19:00,2022-02-25 17:19:59
2022-02-25,0,55,0,2022-02-25 01:48:00,2022-02-25 02:43:59
,0,0,,2022-02-25 17:18:00,2022-02-25 17:18:59
2022-02-25,0,26,0,2022-02-25 01:48:00,2022-02-25 02:14:59
,0,0,,2022-02-25 17:17:00,2022-02-25 17:17:59
2022-02-25,0,6,0,2022-02-25 01:40:00,2022-02-25 01:46:59
,0,0,,2022-02-25 17:16:00,2022-02-25 17:16:59
2022-02-25,0,6,0,2022-02-25 01:38:00,2022-02-25 01:44:59
,0,0,,2022-02-25 17:15:00,2022-02-25 17:15:59
2022-02-25,0,5,0,2022-02-25 01:32:00,2022-02-25 01:37:59
,0,0,,2022-02-25 17:14:00,2022-02-25 17:14:59
2022-02-25,0,6,0,2022-02-25 01:25:00,2022-02-25 01:31:59
,0,0,,2022-02-25 17:13:00,2022-02-25 17:13:59
2022-02-25,0,11,0,2022-02-25 01:12:00,2022-02-25 01:23:59
,0,0,,2022-02-25 17:12:00,2022-02-25 17:12:59
2022-02-25,0,27,0,2022-02-25 00:47:00,2022-02-25 01:14:59
,0,0,,2022-02-25 17:11:00,2022-02-25 17:11:59
2022-02-25,0,4,0,2022-02-25 00:41:00,2022-02-25 00:45:59
,0,0,,2022-02-25 17:10:00,2022-02-25 17:10:59
2022-02-25,0,5,0,2022-02-25 00:39:00,2022-02-25 00:44:59
,0,0,,2022-02-25 17:08:00,2022-02-25 17:08:59
2022-02-25,0,5,0,2022-02-25 00:33:00,2022-02-25 00:38:59
,0,0,,2022-02-25 17:07:00,2022-02-25 17:07:59
2022-02-25,0,52,0,2022-02-24 23:39:00,2022-02-25 00:31:59
,0,0,,2022-02-25 17:06:00,2022-02-25 17:06:59
2022-02-25,0,35,0,2022-02-24 23:39:00,2022-02-25 00:14:59
,0,0,,2022-02-25 17:05:00,2022-02-25 17:05:59
2022-02-24,0,6,0,2022-02-24 23:32:00,2022-02-24 23:38:59
,0,0,,2022-02-25 17:04:00,2022-02-25 17:04:59
2022-02-24,0,10,0,2022-02-24 23:21:00,2022-02-24 23:31:59
,0,0,,2022-02-25 17:03:00,2022-02-25 17:03:59
2022-02-24,0,16,0,2022-02-24 23:04:00,2022-02-24 23:20:59
,0,0,,2022-02-25 17:02:00,2022-02-25 17:02:59
2022-02-24,0,11,0,2022-02-24 22:52:00,2022-02-24 23:03:59
,0,0,,2022-02-25 17:01:00,2022-02-25 17:01:59
2022-02-24,1281,0,0,2022-02-23 21:40:00,2022-02-24 19:01:59
,0,0,,2022-02-25 17:00:00,2022-02-25 17:00:59
2022-02-24,0,24,0,2022-02-24 05:42:00,2022-02-24 06:06:59
,0,0,,2022-02-25 16:59:00,2022-02-25 16:59:59
2022-02-24,480,0,0,2022-02-23 21:55:00,2022-02-24 05:55:55
,0,0,,2022-02-25 16:58:00,2022-02-25 16:58:59
2022-02-24,0,2,0,2022-02-24 05:42:00,2022-02-24 05:44:59
,0,0,,2022-02-25 16:57:00,2022-02-25 16:57:59
2022-02-24,0,9,0,2022-02-24 05:32:00,2022-02-24 05:41:59
,0,0,,2022-02-25 16:56:00,2022-02-25 16:56:59
2022-02-24,0,91,0,2022-02-24 03:59:00,2022-02-24 05:30:59
,0,0,,2022-02-25 16:55:00,2022-02-25 16:55:59
2022-02-24,0,28,0,2022-02-24 04:46:00,2022-02-24 05:14:59
,0,0,,2022-02-25 16:54:00,2022-02-25 16:54:59
2022-02-24,0,12,0,2022-02-24 04:32:00,2022-02-24 04:44:59
,0,0,,2022-02-25 16:53:00,2022-02-25 16:53:59
2022-02-24,0,1,0,2022-02-24 04:43:00,2022-02-24 04:44:59
,0,0,,2022-02-25 16:52:00,2022-02-25 16:52:59
2022-02-24,0,10,0,2022-02-24 04:32:00,2022-02-24 04:42:59
,0,0,,2022-02-25 16:51:00,2022-02-25 16:51:59
,0,0,,2022-02-25 16:50:00,2022-02-25 16:50:59
2022-02-24,0,31,0,2022-02-24 03:59:00,2022-02-24 04:30:59
,0,0,,2022-02-25 16:49:00,2022-02-25 16:49:59
2022-02-24,0,15,0,2022-02-24 03:59:00,2022-02-24 04:14:59
,0,0,,2022-02-25 16:48:00,2022-02-25 16:48:59
2022-02-24,0,5,0,2022-02-24 03:53:00,2022-02-24 03:58:59
,0,0,,2022-02-25 16:47:00,2022-02-25 16:47:59
2022-02-24,0,20,0,2022-02-24 03:31:00,2022-02-24 03:51:59
,0,0,,2022-02-25 16:46:00,2022-02-25 16:46:59
2022-02-24,0,13,0,2022-02-24 03:31:00,2022-02-24 03:44:59
,0,0,,2022-02-25 16:45:00,2022-02-25 16:45:59
2022-02-24,0,5,0,2022-02-24 03:25:00,2022-02-24 03:30:59
,0,0,,2022-02-25 16:44:00,2022-02-25 16:44:59
2022-02-24,0,2,0,2022-02-24 03:22:00,2022-02-24 03:24:59
,0,0,,2022-02-25 16:43:00,2022-02-25 16:43:59
2022-02-24,0,9,0,2022-02-24 03:11:00,2022-02-24 03:20:59
,0,0,,2022-02-25 16:42:00,2022-02-25 16:42:59
2022-02-24,0,13,0,2022-02-24 03:01:00,2022-02-24 03:14:59
,0,0,,2022-02-25 16:41:00,2022-02-25 16:41:59
2022-02-24,0,19,0,2022-02-24 02:40:00,2022-02-24 02:59:59
,0,0,,2022-02-25 16:40:00,2022-02-25 16:40:59
2022-02-24,0,6,0,2022-02-24 02:38:00,2022-02-24 02:44:59
,0,0,,2022-02-25 16:39:00,2022-02-25 16:39:59
2022-02-24,0,7,0,2022-02-24 02:30:00,2022-02-24 02:37:59
,0,0,,2022-02-25 16:38:00,2022-02-25 16:38:59
2022-02-24,0,41,0,2022-02-24 01:47:00,2022-02-24 02:28:59
,0,0,,2022-02-25 16:37:00,2022-02-25 16:37:59
2022-02-24,0,27,0,2022-02-24 01:47:00,2022-02-24 02:14:59
,0,0,,2022-02-25 16:36:00,2022-02-25 16:36:59
2022-02-24,0,3,0,2022-02-24 01:42:00,2022-02-24 01:45:59
,0,0,,2022-02-25 16:35:00,2022-02-25 16:35:59
2022-02-24,0,25,0,2022-02-24 01:19:00,2022-02-24 01:44:59
,0,0,,2022-02-25 16:34:00,2022-02-25 16:34:59
2022-02-24,0,6,0,2022-02-24 01:11:00,2022-02-24 01:17:59
,0,0,,2022-02-25 16:33:00,2022-02-25 16:33:59
2022-02-24,0,17,0,2022-02-24 00:57:00,2022-02-24 01:14:59
,0,0,,2022-02-25 16:32:00,2022-02-25 16:32:59
2022-02-24,0,4,0,2022-02-24 00:52:00,2022-02-24 00:56:59
,0,0,,2022-02-25 16:31:00,2022-02-25 16:31:59
2022-02-24,0,17,0,2022-02-24 00:34:00,2022-02-24 00:51:59
,0,0,,2022-02-25 16:30:00,2022-02-25 16:30:59
2022-02-24,0,4,0,2022-02-24 00:28:00,2022-02-24 00:32:59
,0,0,,2022-02-25 16:29:00,2022-02-25 16:29:59
2022-02-24,0,29,0,2022-02-23 23:58:00,2022-02-24 00:27:59
,0,0,,2022-02-25 16:28:00,2022-02-25 16:28:59
2022-02-24,0,29,0,2022-02-23 23:45:00,2022-02-24 00:14:59
,0,0,,2022-02-25 16:27:00,2022-02-25 16:27:59
2022-02-23,0,4,0,2022-02-23 23:40:00,2022-02-23 23:44:59
,0,0,,2022-02-25 16:26:00,2022-02-25 16:26:59
2022-02-23,0,0,0,2022-02-23 23:39:00,2022-02-23 23:39:59
,0,0,,2022-02-25 16:25:00,2022-02-25 16:25:59
2022-02-23,0,7,0,2022-02-23 23:31:00,2022-02-23 23:38:59
,0,0,,2022-02-25 16:24:00,2022-02-25 16:24:59
2022-02-23,0,38,0,2022-02-23 22:52:00,2022-02-23 23:30:59
,0,0,,2022-02-25 16:23:00,2022-02-25 16:23:59
2022-02-23,0,5,0,2022-02-23 22:46:00,2022-02-23 22:51:59
,0,0,,2022-02-25 16:22:00,2022-02-25 16:22:59
2022-02-23,0,1,0,2022-02-23 22:44:00,2022-02-23 22:45:59
,0,0,,2022-02-25 16:21:00,2022-02-25 16:21:59
2022-02-23,0,7,0,2022-02-23 22:36:00,2022-02-23 22:43:59
,0,0,,2022-02-25 16:20:00,2022-02-25 16:20:59
2022-02-23,0,2,0,2022-02-23 22:33:00,2022-02-23 22:35:59
,0,0,,2022-02-25 16:19:00,2022-02-25 16:19:59
2022-02-23,0,21,0,2022-02-23 22:11:00,2022-02-23 22:32:59
,0,0,,2022-02-25 16:18:00,2022-02-25 16:18:59
2022-02-23,0,17,0,2022-02-23 21:53:00,2022-02-23 22:10:59
,0,0,,2022-02-25 16:17:00,2022-02-25 16:17:59
,0,0,,2022-02-25 16:16:00,2022-02-25 16:16:59
2022-02-23,1033,0,0,2022-02-23 01:49:00,2022-02-23 19:02:59
,0,0,,2022-02-25 16:15:00,2022-02-25 16:15:59
2022-02-23,0,13,0,2022-02-23 05:58:00,2022-02-23 06:11:59
,0,0,,2022-02-25 16:14:00,2022-02-25 16:14:59
2022-02-23,0,11,0,2022-02-23 05:58:00,2022-02-23 06:09:59
,0,0,,2022-02-25 16:13:00,2022-02-25 16:13:59
2022-02-23,494,0,0,2022-02-22 21:55:00,2022-02-23 06:09:35
,0,0,,2022-02-25 16:12:00,2022-02-25 16:12:59
2022-02-23,0,5,0,2022-02-23 05:52:00,2022-02-23 05:57:59
,0,0,,2022-02-25 16:11:00,2022-02-25 16:11:59
2022-02-23,0,31,0,2022-02-23 05:19:00,2022-02-23 05:50:59
,0,0,,2022-02-25 16:10:00,2022-02-25 16:10:59
2022-02-23,0,20,0,2022-02-23 05:19:00,2022-02-23 05:39:59
,0,0,,2022-02-25 16:09:00,2022-02-25 16:09:59
2022-02-23,0,34,0,2022-02-23 04:44:00,2022-02-23 05:18:59
,0,0,,2022-02-25 16:08:00,2022-02-25 16:08:59
2022-02-23,0,33,0,2022-02-23 04:10:00,2022-02-23 04:43:59
,0,0,,2022-02-25 16:07:00,2022-02-25 16:07:59
2022-02-23,0,6,0,2022-02-23 04:03:00,2022-02-23 04:09:59
,0,0,,2022-02-25 16:06:00,2022-02-25 16:06:59
2022-02-23,0,2,0,2022-02-23 04:00:00,2022-02-23 04:02:59
,0,0,,2022-02-25 16:05:00,2022-02-25 16:05:59
2022-02-23,0,10,0,2022-02-23 03:49:00,2022-02-23 03:59:59
,0,0,,2022-02-25 16:04:00,2022-02-25 16:04:59
2022-02-23,0,5,0,2022-02-23 03:43:00,2022-02-23 03:48:59
,0,0,,2022-02-25 16:03:00,2022-02-25 16:03:59
2022-02-23,0,5,0,2022-02-23 03:37:00,2022-02-23 03:42:59
,0,0,,2022-02-25 16:02:00,2022-02-25 16:02:59
2022-02-23,0,6,0,2022-02-23 03:30:00,2022-02-23 03:36:59
,0,0,,2022-02-25 16:01:00,2022-02-25 16:01:59
2022-02-23,0,11,0,2022-02-23 03:18:00,2022-02-23 03:29:59
,0,0,,2022-02-25 16:00:00,2022-02-25 16:00:59
2022-02-23,0,1,0,2022-02-23 03:16:00,2022-02-23 03:17:59
,0,0,,2022-02-25 15:59:00,2022-02-25 15:59:59
2022-02-23,0,5,0,2022-02-23 03:10:00,2022-02-23 03:15:59
,0,0,,2022-02-25 15:58:00,2022-02-25 15:58:59
2022-02-23,0,26,0,2022-02-23 02:43:00,2022-02-23 03:09:59
,0,0,,2022-02-25 15:57:00,2022-02-25 15:57:59
2022-02-23,0,5,0,2022-02-23 02:37:00,2022-02-23 02:42:59
,0,0,,2022-02-25 15:56:00,2022-02-25 15:56:59
2022-02-23,0,6,0,2022-02-23 02:30:00,2022-02-23 02:36:59
,0,0,,2022-02-25 15:55:00,2022-02-25 15:55:59
2022-02-23,0,18,0,2022-02-23 02:11:00,2022-02-23 02:29:59
,0,0,,2022-02-25 15:54:00,2022-02-25 15:54:59
2022-02-23,0,17,0,2022-02-23 01:53:00,2022-02-23 02:10:59
,0,0,,2022-02-25 15:53:00,2022-02-25 15:53:59
2022-02-23,0,0,5,2022-02-23 01:47:00,2022-02-23 01:52:59
,0,0,,2022-02-25 15:52:00,2022-02-25 15:52:59
2022-02-23,258,0,0,2022-02-22 21:28:00,2022-02-23 01:46:59
,0,0,,2022-02-25 15:51:00,2022-02-25 15:51:59
2022-02-23,0,2,0,2022-02-23 01:44:00,2022-02-23 01:46:59
,0,0,,2022-02-25 15:50:00,2022-02-25 15:50:59
2022-02-23,0,5,0,2022-02-23 01:38:00,2022-02-23 01:43:59
,0,0,,2022-02-25 15:49:00,2022-02-25 15:49:59
2022-02-23,0,2,0,2022-02-23 01:35:00,2022-02-23 01:37:59
,0,0,,2022-02-25 15:48:00,2022-02-25 15:48:59
2022-02-23,0,5,0,2022-02-23 01:29:00,2022-02-23 01:34:59
,0,0,,2022-02-25 15:47:00,2022-02-25 15:47:59
2022-02-23,0,23,0,2022-02-23 01:05:00,2022-02-23 01:28:59
2022-02-23,0,8,0,2022-02-23 00:56:00,2022-02-23 01:04:59
,0,0,,2022-02-25 15:46:00,2022-02-25 15:46:59
2022-02-23,0,17,0,2022-02-23 00:38:00,2022-02-23 00:55:59
,0,0,,2022-02-25 15:45:00,2022-02-25 15:45:59
2022-02-23,0,15,0,2022-02-23 00:22:00,2022-02-23 00:37:59
,0,0,,2022-02-25 15:44:00,2022-02-25 15:44:59
2022-02-23,0,4,0,2022-02-23 00:17:00,2022-02-23 00:21:59
,0,0,,2022-02-25 15:43:00,2022-02-25 15:43:59
2022-02-23,0,4,0,2022-02-23 00:12:00,2022-02-23 00:16:59
,0,0,,2022-02-25 15:42:00,2022-02-25 15:42:59
2022-02-23,0,4,0,2022-02-23 00:07:00,2022-02-23 00:11:59
,0,0,,2022-02-25 15:41:00,2022-02-25 15:41:59
2022-02-23,0,8,0,2022-02-22 23:58:00,2022-02-23 00:06:59
,0,0,,2022-02-25 15:40:00,2022-02-25 15:40:59
2022-02-22,0,7,0,2022-02-22 23:50:00,2022-02-22 23:57:59
,0,0,,2022-02-25 15:39:00,2022-02-25 15:39:59
2022-02-22,0,6,0,2022-02-22 23:43:00,2022-02-22 23:49:59
,0,0,,2022-02-25 15:38:00,2022-02-25 15:38:59
2022-02-22,0,29,0,2022-02-22 23:13:00,2022-02-22 23:42:59
,0,0,,2022-02-25 15:37:00,2022-02-25 15:37:59
2022-02-22,0,7,0,2022-02-22 23:05:00,2022-02-22 23:12:59
,0,0,,2022-02-25 15:36:00,2022-02-25 15:36:59
2022-02-22,0,3,0,2022-02-22 23:01:00,2022-02-22 23:04:59
,0,0,,2022-02-25 15:35:00,2022-02-25 15:35:59
2022-02-22,0,4,0,2022-02-22 22:56:00,2022-02-22 23:00:59
,0,0,,2022-02-25 15:34:00,2022-02-25 15:34:59
2022-02-22,0,0,0,2022-02-22 22:55:00,2022-02-22 22:55:59
,0,0,,2022-02-25 15:33:00,2022-02-25 15:33:59
2022-02-22,0,7,0,2022-02-22 22:47:00,2022-02-22 22:54:59
,0,0,,2022-02-25 15:32:00,2022-02-25 15:32:59
2022-02-22,0,0,0,2022-02-22 22:46:00,2022-02-22 22:46:59
,0,0,,2022-02-25 15:31:00,2022-02-25 15:31:59
2022-02-22,0,12,0,2022-02-22 22:33:00,2022-02-22 22:45:59
,0,0,,2022-02-25 15:30:00,2022-02-25 15:30:59
2022-02-22,0,7,0,2022-02-22 22:25:00,2022-02-22 22:32:59
,0,0,,2022-02-25 15:29:00,2022-02-25 15:29:59
2022-02-22,0,5,0,2022-02-22 22:19:00,2022-02-22 22:24:59
,0,0,,2022-02-25 15:28:00,2022-02-25 15:28:59
2022-02-22,0,15,0,2022-02-22 22:03:00,2022-02-22 22:18:59
,0,0,,2022-02-25 15:27:00,2022-02-25 15:27:59
